model,class,metric,value
bevfusion_lidar,car,AP_dist_0.5,0.7840932594243398
bevfusion_lidar,car,AP_dist_1.0,0.8758632680365764
bevfusion_lidar,car,AP_dist_2.0,0.9052051640017909
bevfusion_lidar,car,AP_dist_4.0,0.9169980183100722
bevfusion_lidar,car,trans_err,0.17262275077244002
bevfusion_lidar,car,scale_err,0.15178462578011084
bevfusion_lidar,car,orient_err,0.08790879736553046
bevfusion_lidar,car,vel_err,0.2735500598908667
bevfusion_lidar,car,attr_err,0.1908511587448503
bevfusion_lidar,truck,AP_dist_0.5,0.41426096152148945
bevfusion_lidar,truck,AP_dist_1.0,0.5951963450924982
bevfusion_lidar,truck,AP_dist_2.0,0.6733986155526047
bevfusion_lidar,truck,AP_dist_4.0,0.7055449080856655
bevfusion_lidar,truck,trans_err,0.32462348856450324
bevfusion_lidar,truck,scale_err,0.18433795874253625
bevfusion_lidar,truck,orient_err,0.09500049635445762
bevfusion_lidar,truck,vel_err,0.24859685604073334
bevfusion_lidar,truck,attr_err,0.2274746797095784
bevfusion_lidar,bus,AP_dist_0.5,0.46859358631114423
bevfusion_lidar,bus,AP_dist_1.0,0.7289474487679587
bevfusion_lidar,bus,AP_dist_2.0,0.8540482919946693
bevfusion_lidar,bus,AP_dist_4.0,0.8775140039394618
bevfusion_lidar,bus,trans_err,0.3317916435714791
bevfusion_lidar,bus,scale_err,0.1867227173832084
bevfusion_lidar,bus,orient_err,0.051077387368832994
bevfusion_lidar,bus,vel_err,0.44858539348755366
bevfusion_lidar,bus,attr_err,0.23929779434862689
bevfusion_lidar,trailer,AP_dist_0.5,0.13892792357492573
bevfusion_lidar,trailer,AP_dist_1.0,0.39461242374909344
bevfusion_lidar,trailer,AP_dist_2.0,0.5752155988286028
bevfusion_lidar,trailer,AP_dist_4.0,0.6568982543985629
bevfusion_lidar,trailer,trans_err,0.5282228526017997
bevfusion_lidar,trailer,scale_err,0.21549020005479863
bevfusion_lidar,trailer,orient_err,0.5607728775274163
bevfusion_lidar,trailer,vel_err,0.19060159034950624
bevfusion_lidar,trailer,attr_err,0.1601153601099867
bevfusion_lidar,construction_vehicle,AP_dist_0.5,0.03665825251697189
bevfusion_lidar,construction_vehicle,AP_dist_1.0,0.18260606202459614
bevfusion_lidar,construction_vehicle,AP_dist_2.0,0.3368510940224067
bevfusion_lidar,construction_vehicle,AP_dist_4.0,0.4650643146474043
bevfusion_lidar,construction_vehicle,trans_err,0.6876476037655725
bevfusion_lidar,construction_vehicle,scale_err,0.40931131494976286
bevfusion_lidar,construction_vehicle,orient_err,0.8703917931992369
bevfusion_lidar,construction_vehicle,vel_err,0.12757882509916157
bevfusion_lidar,construction_vehicle,attr_err,0.32420419433258707
bevfusion_lidar,pedestrian,AP_dist_0.5,0.8463447690900088
bevfusion_lidar,pedestrian,AP_dist_1.0,0.8582362980065139
bevfusion_lidar,pedestrian,AP_dist_2.0,0.8689452226604095
bevfusion_lidar,pedestrian,AP_dist_4.0,0.880935945429046
bevfusion_lidar,pedestrian,trans_err,0.13066832046135557
bevfusion_lidar,pedestrian,scale_err,0.28460373614386714
bevfusion_lidar,pedestrian,orient_err,0.38284850182404717
bevfusion_lidar,pedestrian,vel_err,0.2244399845431975
bevfusion_lidar,pedestrian,attr_err,0.09602887428342224
bevfusion_lidar,motorcycle,AP_dist_0.5,0.6042783077045841
bevfusion_lidar,motorcycle,AP_dist_1.0,0.7104081652354278
bevfusion_lidar,motorcycle,AP_dist_2.0,0.724198667758563
bevfusion_lidar,motorcycle,AP_dist_4.0,0.7360628140918252
bevfusion_lidar,motorcycle,trans_err,0.18564360193598303
bevfusion_lidar,motorcycle,scale_err,0.23723145962618472
bevfusion_lidar,motorcycle,orient_err,0.22706733227569145
bevfusion_lidar,motorcycle,vel_err,0.5061975866638561
bevfusion_lidar,motorcycle,attr_err,0.25393373809234604
bevfusion_lidar,bicycle,AP_dist_0.5,0.5278079991442459
bevfusion_lidar,bicycle,AP_dist_1.0,0.5511131183100856
bevfusion_lidar,bicycle,AP_dist_2.0,0.5545383598142919
bevfusion_lidar,bicycle,AP_dist_4.0,0.5597098610072602
bevfusion_lidar,bicycle,trans_err,0.1548945635266128
bevfusion_lidar,bicycle,scale_err,0.25067468799312204
bevfusion_lidar,bicycle,orient_err,0.34272250409925836
bevfusion_lidar,bicycle,vel_err,0.22081827147126826
bevfusion_lidar,bicycle,attr_err,0.00952361749411938
bevfusion_lidar,traffic_cone,AP_dist_0.5,0.7126225851392515
bevfusion_lidar,traffic_cone,AP_dist_1.0,0.7245568195910062
bevfusion_lidar,traffic_cone,AP_dist_2.0,0.7405199985458244
bevfusion_lidar,traffic_cone,AP_dist_4.0,0.7719799596348854
bevfusion_lidar,traffic_cone,trans_err,0.1256817421235232
bevfusion_lidar,traffic_cone,scale_err,0.3220493592751313
bevfusion_lidar,traffic_cone,orient_err,
bevfusion_lidar,traffic_cone,vel_err,
bevfusion_lidar,traffic_cone,attr_err,
bevfusion_lidar,barrier,AP_dist_0.5,0.6014138803178763
bevfusion_lidar,barrier,AP_dist_1.0,0.6990668826699064
bevfusion_lidar,barrier,AP_dist_2.0,0.7372396733559786
bevfusion_lidar,barrier,AP_dist_4.0,0.7506552744075525
bevfusion_lidar,barrier,trans_err,0.19677176285675485
bevfusion_lidar,barrier,scale_err,0.28250953797601686
bevfusion_lidar,barrier,orient_err,0.05787362561949504
bevfusion_lidar,barrier,vel_err,
bevfusion_lidar,barrier,attr_err,
bevfusion_lidar_cam,car,AP_dist_0.5,0.8093844962189067
bevfusion_lidar_cam,car,AP_dist_1.0,0.9016287132782189
bevfusion_lidar_cam,car,AP_dist_2.0,0.9271969038846616
bevfusion_lidar_cam,car,AP_dist_4.0,0.9373412458793122
bevfusion_lidar_cam,car,trans_err,0.16949225114047667
bevfusion_lidar_cam,car,scale_err,0.14998266947707253
bevfusion_lidar_cam,car,orient_err,0.06299907875171226
bevfusion_lidar_cam,car,vel_err,0.2849538783689279
bevfusion_lidar_cam,car,attr_err,0.18484242551986538
bevfusion_lidar_cam,truck,AP_dist_0.5,0.44350047349387944
bevfusion_lidar_cam,truck,AP_dist_1.0,0.6375904589999118
bevfusion_lidar_cam,truck,AP_dist_2.0,0.722024129280503
bevfusion_lidar_cam,truck,AP_dist_4.0,0.758662432529227
bevfusion_lidar_cam,truck,trans_err,0.31801106033367427
bevfusion_lidar_cam,truck,scale_err,0.18076314061083257
bevfusion_lidar_cam,truck,orient_err,0.08092730609436119
bevfusion_lidar_cam,truck,vel_err,0.2536276623917995
bevfusion_lidar_cam,truck,attr_err,0.22498267880460307
bevfusion_lidar_cam,bus,AP_dist_0.5,0.5035512478242209
bevfusion_lidar_cam,bus,AP_dist_1.0,0.7741105522487866
bevfusion_lidar_cam,bus,AP_dist_2.0,0.8874524102302344
bevfusion_lidar_cam,bus,AP_dist_4.0,0.9082154635273716
bevfusion_lidar_cam,bus,trans_err,0.3301310698110615
bevfusion_lidar_cam,bus,scale_err,0.1847851600567506
bevfusion_lidar_cam,bus,orient_err,0.058102745444795885
bevfusion_lidar_cam,bus,vel_err,0.47136074751171997
bevfusion_lidar_cam,bus,attr_err,0.2575150702324942
bevfusion_lidar_cam,trailer,AP_dist_0.5,0.16762342202993114
bevfusion_lidar_cam,trailer,AP_dist_1.0,0.4492641373513212
bevfusion_lidar_cam,trailer,AP_dist_2.0,0.60924767572997
bevfusion_lidar_cam,trailer,AP_dist_4.0,0.6926273738175572
bevfusion_lidar_cam,trailer,trans_err,0.5013564115720677
bevfusion_lidar_cam,trailer,scale_err,0.21038118711755482
bevfusion_lidar_cam,trailer,orient_err,0.6252727920897864
bevfusion_lidar_cam,trailer,vel_err,0.18990747545831138
bevfusion_lidar_cam,trailer,attr_err,0.17025999742011722
bevfusion_lidar_cam,construction_vehicle,AP_dist_0.5,0.046661857187590854
bevfusion_lidar_cam,construction_vehicle,AP_dist_1.0,0.2140013213600419
bevfusion_lidar_cam,construction_vehicle,AP_dist_2.0,0.3877266643766062
bevfusion_lidar_cam,construction_vehicle,AP_dist_4.0,0.5144800640942725
bevfusion_lidar_cam,construction_vehicle,trans_err,0.6932806680994161
bevfusion_lidar_cam,construction_vehicle,scale_err,0.42418245429585355
bevfusion_lidar_cam,construction_vehicle,orient_err,0.8344597726002608
bevfusion_lidar_cam,construction_vehicle,vel_err,0.1282195829342401
bevfusion_lidar_cam,construction_vehicle,attr_err,0.3100319408298501
bevfusion_lidar_cam,pedestrian,AP_dist_0.5,0.8638770496616694
bevfusion_lidar_cam,pedestrian,AP_dist_1.0,0.8742290531472455
bevfusion_lidar_cam,pedestrian,AP_dist_2.0,0.8852103745532582
bevfusion_lidar_cam,pedestrian,AP_dist_4.0,0.8949789810058829
bevfusion_lidar_cam,pedestrian,trans_err,0.12976055610619752
bevfusion_lidar_cam,pedestrian,scale_err,0.29189989012393175
bevfusion_lidar_cam,pedestrian,orient_err,0.3942210543939844
bevfusion_lidar_cam,pedestrian,vel_err,0.22679926900535075
bevfusion_lidar_cam,pedestrian,attr_err,0.10445658386738664
bevfusion_lidar_cam,motorcycle,AP_dist_0.5,0.656094640934932
bevfusion_lidar_cam,motorcycle,AP_dist_1.0,0.7813688944098298
bevfusion_lidar_cam,motorcycle,AP_dist_2.0,0.7927502603959745
bevfusion_lidar_cam,motorcycle,AP_dist_4.0,0.8037805801533707
bevfusion_lidar_cam,motorcycle,trans_err,0.18542103506409247
bevfusion_lidar_cam,motorcycle,scale_err,0.23860633421282415
bevfusion_lidar_cam,motorcycle,orient_err,0.2579519528401485
bevfusion_lidar_cam,motorcycle,vel_err,0.47640924661656014
bevfusion_lidar_cam,motorcycle,attr_err,0.23749191348717053
bevfusion_lidar_cam,bicycle,AP_dist_0.5,0.5915676627378962
bevfusion_lidar_cam,bicycle,AP_dist_1.0,0.6203451798158102
bevfusion_lidar_cam,bicycle,AP_dist_2.0,0.629082489030137
bevfusion_lidar_cam,bicycle,AP_dist_4.0,0.6428606605709352
bevfusion_lidar_cam,bicycle,trans_err,0.15453033643179848
bevfusion_lidar_cam,bicycle,scale_err,0.2568604431022405
bevfusion_lidar_cam,bicycle,orient_err,0.32101141917373427
bevfusion_lidar_cam,bicycle,vel_err,0.20812682978926136
bevfusion_lidar_cam,bicycle,attr_err,0.009916559722580529
bevfusion_lidar_cam,traffic_cone,AP_dist_0.5,0.7667100002184641
bevfusion_lidar_cam,traffic_cone,AP_dist_1.0,0.7770268047245764
bevfusion_lidar_cam,traffic_cone,AP_dist_2.0,0.7948623568808939
bevfusion_lidar_cam,traffic_cone,AP_dist_4.0,0.8200681711923055
bevfusion_lidar_cam,traffic_cone,trans_err,0.12200986971028532
bevfusion_lidar_cam,traffic_cone,scale_err,0.32655409271331043
bevfusion_lidar_cam,traffic_cone,orient_err,
bevfusion_lidar_cam,traffic_cone,vel_err,
bevfusion_lidar_cam,traffic_cone,attr_err,
bevfusion_lidar_cam,barrier,AP_dist_0.5,0.6235280273555592
bevfusion_lidar_cam,barrier,AP_dist_1.0,0.7183719248887112
bevfusion_lidar_cam,barrier,AP_dist_2.0,0.7558040987057029
bevfusion_lidar_cam,barrier,AP_dist_4.0,0.7677987128259047
bevfusion_lidar_cam,barrier,trans_err,0.18277379797593957
bevfusion_lidar_cam,barrier,scale_err,0.2850872766083536
bevfusion_lidar_cam,barrier,orient_err,0.05974138563521132
bevfusion_lidar_cam,barrier,vel_err,
bevfusion_lidar_cam,barrier,attr_err,
centerpoint_0075voxel,car,AP_dist_0.5,0.7492982110453746
centerpoint_0075voxel,car,AP_dist_1.0,0.850457639032623
centerpoint_0075voxel,car,AP_dist_2.0,0.8827540857322239
centerpoint_0075voxel,car,AP_dist_4.0,0.8955104268753027
centerpoint_0075voxel,car,trans_err,0.17946646747842063
centerpoint_0075voxel,car,scale_err,0.1513174964004075
centerpoint_0075voxel,car,orient_err,0.11354491078641223
centerpoint_0075voxel,car,vel_err,0.28848144113886137
centerpoint_0075voxel,car,attr_err,0.1917914529389784
centerpoint_0075voxel,truck,AP_dist_0.5,0.35096941845997287
centerpoint_0075voxel,truck,AP_dist_1.0,0.5045958703038388
centerpoint_0075voxel,truck,AP_dist_2.0,0.5853541717332366
centerpoint_0075voxel,truck,AP_dist_4.0,0.6354369394551111
centerpoint_0075voxel,truck,trans_err,0.32813354730038224
centerpoint_0075voxel,truck,scale_err,0.18511265744737115
centerpoint_0075voxel,truck,orient_err,0.07994245309651371
centerpoint_0075voxel,truck,vel_err,0.2716701758924374
centerpoint_0075voxel,truck,attr_err,0.23365149958364706
centerpoint_0075voxel,bus,AP_dist_0.5,0.41560003883637625
centerpoint_0075voxel,bus,AP_dist_1.0,0.6506392016288255
centerpoint_0075voxel,bus,AP_dist_2.0,0.7621775065816712
centerpoint_0075voxel,bus,AP_dist_4.0,0.792516247669729
centerpoint_0075voxel,bus,trans_err,0.3315035975230854
centerpoint_0075voxel,bus,scale_err,0.17996831532711205
centerpoint_0075voxel,bus,orient_err,0.04692761564651344
centerpoint_0075voxel,bus,vel_err,0.5102158330107317
centerpoint_0075voxel,bus,attr_err,0.25692322809167895
centerpoint_0075voxel,trailer,AP_dist_0.5,0.0709320809882574
centerpoint_0075voxel,trailer,AP_dist_1.0,0.2759370521185461
centerpoint_0075voxel,trailer,AP_dist_2.0,0.42224346877747926
centerpoint_0075voxel,trailer,AP_dist_4.0,0.5178860468720385
centerpoint_0075voxel,trailer,trans_err,0.5500913030818606
centerpoint_0075voxel,trailer,scale_err,0.2129515907520589
centerpoint_0075voxel,trailer,orient_err,0.6096290014685509
centerpoint_0075voxel,trailer,vel_err,0.24178445867684614
centerpoint_0075voxel,trailer,attr_err,0.09428241801267134
centerpoint_0075voxel,construction_vehicle,AP_dist_0.5,0.014774682223136708
centerpoint_0075voxel,construction_vehicle,AP_dist_1.0,0.0907624720320518
centerpoint_0075voxel,construction_vehicle,AP_dist_2.0,0.2011447517202673
centerpoint_0075voxel,construction_vehicle,AP_dist_4.0,0.2773339445219635
centerpoint_0075voxel,construction_vehicle,trans_err,0.71534834156902
centerpoint_0075voxel,construction_vehicle,scale_err,0.41536263540541535
centerpoint_0075voxel,construction_vehicle,orient_err,0.7970261281211493
centerpoint_0075voxel,construction_vehicle,vel_err,0.1336434224546237
centerpoint_0075voxel,construction_vehicle,attr_err,0.3153290481442536
centerpoint_0075voxel,pedestrian,AP_dist_0.5,0.812570155111904
centerpoint_0075voxel,pedestrian,AP_dist_1.0,0.8293026976365926
centerpoint_0075voxel,pedestrian,AP_dist_2.0,0.8452755169841533
centerpoint_0075voxel,pedestrian,AP_dist_4.0,0.8594493683361912
centerpoint_0075voxel,pedestrian,trans_err,0.14728537156801166
centerpoint_0075voxel,pedestrian,scale_err,0.2751689313112371
centerpoint_0075voxel,pedestrian,orient_err,0.40292399182775807
centerpoint_0075voxel,pedestrian,vel_err,0.2323567827316676
centerpoint_0075voxel,pedestrian,attr_err,0.09472209011347044
centerpoint_0075voxel,motorcycle,AP_dist_0.5,0.49366304025024477
centerpoint_0075voxel,motorcycle,AP_dist_1.0,0.5641989803083785
centerpoint_0075voxel,motorcycle,AP_dist_2.0,0.5732438390842733
centerpoint_0075voxel,motorcycle,AP_dist_4.0,0.5792744622606029
centerpoint_0075voxel,motorcycle,trans_err,0.19680238070688627
centerpoint_0075voxel,motorcycle,scale_err,0.24345424695166784
centerpoint_0075voxel,motorcycle,orient_err,0.22731026023306675
centerpoint_0075voxel,motorcycle,vel_err,0.4729405179354769
centerpoint_0075voxel,motorcycle,attr_err,0.26248347984230436
centerpoint_0075voxel,bicycle,AP_dist_0.5,0.3510680747451771
centerpoint_0075voxel,bicycle,AP_dist_1.0,0.36006008811408574
centerpoint_0075voxel,bicycle,AP_dist_2.0,0.3607330450899555
centerpoint_0075voxel,bicycle,AP_dist_4.0,0.3625547271053571
centerpoint_0075voxel,bicycle,trans_err,0.15397806282999862
centerpoint_0075voxel,bicycle,scale_err,0.2738393565837667
centerpoint_0075voxel,bicycle,orient_err,0.4320046194624975
centerpoint_0075voxel,bicycle,vel_err,0.20876111515496693
centerpoint_0075voxel,bicycle,attr_err,0.01837114786370548
centerpoint_0075voxel,traffic_cone,AP_dist_0.5,0.6416420543375186
centerpoint_0075voxel,traffic_cone,AP_dist_1.0,0.6575341836750705
centerpoint_0075voxel,traffic_cone,AP_dist_2.0,0.6761815508052704
centerpoint_0075voxel,traffic_cone,AP_dist_4.0,0.7078442292478424
centerpoint_0075voxel,traffic_cone,trans_err,0.14047842487866619
centerpoint_0075voxel,traffic_cone,scale_err,0.32862017387380354
centerpoint_0075voxel,traffic_cone,orient_err,
centerpoint_0075voxel,traffic_cone,vel_err,
centerpoint_0075voxel,traffic_cone,attr_err,
centerpoint_0075voxel,barrier,AP_dist_0.5,0.5900014823679521
centerpoint_0075voxel,barrier,AP_dist_1.0,0.6874599643846472
centerpoint_0075voxel,barrier,AP_dist_2.0,0.7140337370462793
centerpoint_0075voxel,barrier,AP_dist_4.0,0.7292072058708741
centerpoint_0075voxel,barrier,trans_err,0.21002257775062738
centerpoint_0075voxel,barrier,scale_err,0.27418163577645777
centerpoint_0075voxel,barrier,orient_err,0.06553635999969054
centerpoint_0075voxel,barrier,vel_err,
centerpoint_0075voxel,barrier,attr_err,
centerpoint_01voxel,car,AP_dist_0.5,0.7434733668087329
centerpoint_01voxel,car,AP_dist_1.0,0.8524584022520277
centerpoint_01voxel,car,AP_dist_2.0,0.8847378417013861
centerpoint_01voxel,car,AP_dist_4.0,0.8980370486000565
centerpoint_01voxel,car,trans_err,0.18580389850770965
centerpoint_01voxel,car,scale_err,0.15229739941082665
centerpoint_01voxel,car,orient_err,0.11373832092766137
centerpoint_01voxel,car,vel_err,0.30355754354103653
centerpoint_01voxel,car,attr_err,0.1940252285595424
centerpoint_01voxel,truck,AP_dist_0.5,0.3549004484209305
centerpoint_01voxel,truck,AP_dist_1.0,0.507530754784063
centerpoint_01voxel,truck,AP_dist_2.0,0.595381595709507
centerpoint_01voxel,truck,AP_dist_4.0,0.6359321016292034
centerpoint_01voxel,truck,trans_err,0.3250281666223143
centerpoint_01voxel,truck,scale_err,0.1854839242989496
centerpoint_01voxel,truck,orient_err,0.12761043868923325
centerpoint_01voxel,truck,vel_err,0.28138223159861825
centerpoint_01voxel,truck,attr_err,0.23843779439276186
centerpoint_01voxel,bus,AP_dist_0.5,0.40980414925747494
centerpoint_01voxel,bus,AP_dist_1.0,0.6576505782047448
centerpoint_01voxel,bus,AP_dist_2.0,0.7821428896215793
centerpoint_01voxel,bus,AP_dist_4.0,0.8089897968153817
centerpoint_01voxel,bus,trans_err,0.3522102349883548
centerpoint_01voxel,bus,scale_err,0.18099265688001193
centerpoint_01voxel,bus,orient_err,0.0587574039290197
centerpoint_01voxel,bus,vel_err,0.5322444659385436
centerpoint_01voxel,bus,attr_err,0.2679120342221852
centerpoint_01voxel,trailer,AP_dist_0.5,0.09930626162512478
centerpoint_01voxel,trailer,AP_dist_1.0,0.3221458365015366
centerpoint_01voxel,trailer,AP_dist_2.0,0.468089665052481
centerpoint_01voxel,trailer,AP_dist_4.0,0.554959462236506
centerpoint_01voxel,trailer,trans_err,0.5482376102855794
centerpoint_01voxel,trailer,scale_err,0.20647153350748423
centerpoint_01voxel,trailer,orient_err,0.4483276474201139
centerpoint_01voxel,trailer,vel_err,0.19696431402575187
centerpoint_01voxel,trailer,attr_err,0.16542131952083247
centerpoint_01voxel,construction_vehicle,AP_dist_0.5,0.026450313536212456
centerpoint_01voxel,construction_vehicle,AP_dist_1.0,0.10987657126678486
centerpoint_01voxel,construction_vehicle,AP_dist_2.0,0.20147263744154142
centerpoint_01voxel,construction_vehicle,AP_dist_4.0,0.30093894324351633
centerpoint_01voxel,construction_vehicle,trans_err,0.6236496292256504
centerpoint_01voxel,construction_vehicle,scale_err,0.4146304328891518
centerpoint_01voxel,construction_vehicle,orient_err,0.8435682742525211
centerpoint_01voxel,construction_vehicle,vel_err,0.12043829948015473
centerpoint_01voxel,construction_vehicle,attr_err,0.33336697866142784
centerpoint_01voxel,pedestrian,AP_dist_0.5,0.7956195261727809
centerpoint_01voxel,pedestrian,AP_dist_1.0,0.8204637404638916
centerpoint_01voxel,pedestrian,AP_dist_2.0,0.8380942475500992
centerpoint_01voxel,pedestrian,AP_dist_4.0,0.8529807404974575
centerpoint_01voxel,pedestrian,trans_err,0.16575387836493777
centerpoint_01voxel,pedestrian,scale_err,0.2767705538636757
centerpoint_01voxel,pedestrian,orient_err,0.40992407128695924
centerpoint_01voxel,pedestrian,vel_err,0.24405551755881125
centerpoint_01voxel,pedestrian,attr_err,0.10074079273565872
centerpoint_01voxel,motorcycle,AP_dist_0.5,0.4581555943434567
centerpoint_01voxel,motorcycle,AP_dist_1.0,0.5395950720224232
centerpoint_01voxel,motorcycle,AP_dist_2.0,0.5481090656371397
centerpoint_01voxel,motorcycle,AP_dist_4.0,0.5565331517305081
centerpoint_01voxel,motorcycle,trans_err,0.21246418082545843
centerpoint_01voxel,motorcycle,scale_err,0.23766206474575896
centerpoint_01voxel,motorcycle,orient_err,0.292586424942772
centerpoint_01voxel,motorcycle,vel_err,0.5233268878851308
centerpoint_01voxel,motorcycle,attr_err,0.26285276662339835
centerpoint_01voxel,bicycle,AP_dist_0.5,0.3377853465559396
centerpoint_01voxel,bicycle,AP_dist_1.0,0.3490847819231214
centerpoint_01voxel,bicycle,AP_dist_2.0,0.35008732061085857
centerpoint_01voxel,bicycle,AP_dist_4.0,0.3530569082332668
centerpoint_01voxel,bicycle,trans_err,0.16872760472427062
centerpoint_01voxel,bicycle,scale_err,0.26857638316429133
centerpoint_01voxel,bicycle,orient_err,0.4328038439295099
centerpoint_01voxel,bicycle,vel_err,0.22637176270463075
centerpoint_01voxel,bicycle,attr_err,0.017050488234293185
centerpoint_01voxel,traffic_cone,AP_dist_0.5,0.6035046467833336
centerpoint_01voxel,traffic_cone,AP_dist_1.0,0.623456723071635
centerpoint_01voxel,traffic_cone,AP_dist_2.0,0.6425455648920831
centerpoint_01voxel,traffic_cone,AP_dist_4.0,0.681371851277091
centerpoint_01voxel,traffic_cone,trans_err,0.16174921099564304
centerpoint_01voxel,traffic_cone,scale_err,0.34190515096477736
centerpoint_01voxel,traffic_cone,orient_err,
centerpoint_01voxel,traffic_cone,vel_err,
centerpoint_01voxel,traffic_cone,attr_err,
centerpoint_01voxel,barrier,AP_dist_0.5,0.5428766070737799
centerpoint_01voxel,barrier,AP_dist_1.0,0.663681990733506
centerpoint_01voxel,barrier,AP_dist_2.0,0.6951380947629754
centerpoint_01voxel,barrier,AP_dist_4.0,0.708938954825582
centerpoint_01voxel,barrier,trans_err,0.22967330089538948
centerpoint_01voxel,barrier,scale_err,0.27650219076822335
centerpoint_01voxel,barrier,orient_err,0.0700151155676934
centerpoint_01voxel,barrier,vel_err,
centerpoint_01voxel,barrier,attr_err,
centerpointpillars,car,AP_dist_0.5,0.7280927365295807
centerpointpillars,car,AP_dist_1.0,0.8441968430546832
centerpointpillars,car,AP_dist_2.0,0.8789914055948391
centerpointpillars,car,AP_dist_4.0,0.8918111026121793
centerpointpillars,car,trans_err,0.1928058378002542
centerpointpillars,car,scale_err,0.15590268104215188
centerpointpillars,car,orient_err,0.16519371090760465
centerpointpillars,car,vel_err,0.31188098304605844
centerpointpillars,car,attr_err,0.20159461625403866
centerpointpillars,truck,AP_dist_0.5,0.3025302670990107
centerpointpillars,truck,AP_dist_1.0,0.4755885778973284
centerpointpillars,truck,AP_dist_2.0,0.5570847417522117
centerpointpillars,truck,AP_dist_4.0,0.5922538684672338
centerpointpillars,truck,trans_err,0.34978956269904077
centerpointpillars,truck,scale_err,0.19322254862177807
centerpointpillars,truck,orient_err,0.15773447096809157
centerpointpillars,truck,vel_err,0.32081488793497204
centerpointpillars,truck,attr_err,0.24002569116810613
centerpointpillars,bus,AP_dist_0.5,0.3462768813470314
centerpointpillars,bus,AP_dist_1.0,0.5900283861637144
centerpointpillars,bus,AP_dist_2.0,0.7293441054473874
centerpointpillars,bus,AP_dist_4.0,0.7568398028676296
centerpointpillars,bus,trans_err,0.3783662993072627
centerpointpillars,bus,scale_err,0.18914411650511934
centerpointpillars,bus,orient_err,0.1005390345975689
centerpointpillars,bus,vel_err,0.6450577749425646
centerpointpillars,bus,attr_err,0.3052861309383266
centerpointpillars,trailer,AP_dist_0.5,0.08833742580339164
centerpointpillars,trailer,AP_dist_1.0,0.2761678388616252
centerpointpillars,trailer,AP_dist_2.0,0.42640729194766197
centerpointpillars,trailer,AP_dist_4.0,0.5051533838739218
centerpointpillars,trailer,trans_err,0.5438016109723596
centerpointpillars,trailer,scale_err,0.2151265464017219
centerpointpillars,trailer,orient_err,0.4652754592167928
centerpointpillars,trailer,vel_err,0.21620291586243243
centerpointpillars,trailer,attr_err,0.15038965254927344
centerpointpillars,construction_vehicle,AP_dist_0.5,0.008109638264352384
centerpointpillars,construction_vehicle,AP_dist_1.0,0.0708737755887208
centerpointpillars,construction_vehicle,AP_dist_2.0,0.14150636809341377
centerpointpillars,construction_vehicle,AP_dist_4.0,0.2048361067355511
centerpointpillars,construction_vehicle,trans_err,0.6922730867812135
centerpointpillars,construction_vehicle,scale_err,0.44079873070858683
centerpointpillars,construction_vehicle,orient_err,0.8798387040899663
centerpointpillars,construction_vehicle,vel_err,0.13794947065402474
centerpointpillars,construction_vehicle,attr_err,0.3501524900771587
centerpointpillars,pedestrian,AP_dist_0.5,0.7317606660177579
centerpointpillars,pedestrian,AP_dist_1.0,0.7540122352245807
centerpointpillars,pedestrian,AP_dist_2.0,0.772600554872736
centerpointpillars,pedestrian,AP_dist_4.0,0.7899292157708404
centerpointpillars,pedestrian,trans_err,0.1682261066153912
centerpointpillars,pedestrian,scale_err,0.2750722983486734
centerpointpillars,pedestrian,orient_err,0.41082804010314405
centerpointpillars,pedestrian,vel_err,0.24965669318639003
centerpointpillars,pedestrian,attr_err,0.09221493612669193
centerpointpillars,motorcycle,AP_dist_0.5,0.35508435396276206
centerpointpillars,motorcycle,AP_dist_1.0,0.4298856312947007
centerpointpillars,motorcycle,AP_dist_2.0,0.43732369221756595
centerpointpillars,motorcycle,AP_dist_4.0,0.4468229198357011
centerpointpillars,motorcycle,trans_err,0.2440313154292868
centerpointpillars,motorcycle,scale_err,0.24516719381373725
centerpointpillars,motorcycle,orient_err,0.44362811330080565
centerpointpillars,motorcycle,vel_err,0.7216944501244228
centerpointpillars,motorcycle,attr_err,0.19580902122121624
centerpointpillars,bicycle,AP_dist_0.5,0.14201825329344978
centerpointpillars,bicycle,AP_dist_1.0,0.14893324859081994
centerpointpillars,bicycle,AP_dist_2.0,0.15049806963303172
centerpointpillars,bicycle,AP_dist_4.0,0.15611031090137703
centerpointpillars,bicycle,trans_err,0.21232794027007515
centerpointpillars,bicycle,scale_err,0.2720831953649735
centerpointpillars,bicycle,orient_err,0.5757455861465435
centerpointpillars,bicycle,vel_err,0.23033126778161345
centerpointpillars,bicycle,attr_err,0.03322294264342279
centerpointpillars,traffic_cone,AP_dist_0.5,0.4915700978483022
centerpointpillars,traffic_cone,AP_dist_1.0,0.5153434952503676
centerpointpillars,traffic_cone,AP_dist_2.0,0.5413250610488869
centerpointpillars,traffic_cone,AP_dist_4.0,0.5857416274977105
centerpointpillars,traffic_cone,trans_err,0.19106716698340587
centerpointpillars,traffic_cone,scale_err,0.35293927212240245
centerpointpillars,traffic_cone,orient_err,
centerpointpillars,traffic_cone,vel_err,
centerpointpillars,traffic_cone,attr_err,
centerpointpillars,barrier,AP_dist_0.5,0.43647530523464834
centerpointpillars,barrier,AP_dist_1.0,0.6176224523898098
centerpointpillars,barrier,AP_dist_2.0,0.6579872371073701
centerpointpillars,barrier,AP_dist_4.0,0.675372724714815
centerpointpillars,barrier,trans_err,0.2941448401357076
centerpointpillars,barrier,scale_err,0.2921473711441224
centerpointpillars,barrier,orient_err,0.08942085949533927
centerpointpillars,barrier,vel_err,
centerpointpillars,barrier,attr_err,
petr,car,AP_dist_0.5,0.19168280968727755
petr,car,AP_dist_1.0,0.49459939418563864
petr,car,AP_dist_2.0,0.7497164663840815
petr,car,AP_dist_4.0,0.8590277898161625
petr,car,trans_err,0.518746409486946
petr,car,scale_err,0.7485419129004153
petr,car,orient_err,0.08701029415069884
petr,car,vel_err,0.864968910325115
petr,car,attr_err,0.20599090544439172
petr,truck,AP_dist_0.5,0.032139317091053984
petr,truck,AP_dist_1.0,0.20457630430656595
petr,truck,AP_dist_2.0,0.5035992417134624
petr,truck,AP_dist_4.0,0.6570378852629915
petr,truck,trans_err,0.7735705657565861
petr,truck,scale_err,0.7933570695488081
petr,truck,orient_err,0.11666669873095724
petr,truck,vel_err,0.8541290578699268
petr,truck,attr_err,0.2204389999701634
petr,bus,AP_dist_0.5,0.032254783271655964
petr,bus,AP_dist_1.0,0.24851983822996898
petr,bus,AP_dist_2.0,0.6242679690110503
petr,bus,AP_dist_4.0,0.7950089061727019
petr,bus,trans_err,0.7815001020391065
petr,bus,scale_err,0.8583597601996461
petr,bus,orient_err,0.11900346931974552
petr,bus,vel_err,1.907997709974154
petr,bus,attr_err,0.3168613024687482
petr,trailer,AP_dist_0.5,0.0
petr,trailer,AP_dist_1.0,0.045186974146157896
petr,trailer,AP_dist_2.0,0.2995016537046159
petr,trailer,AP_dist_4.0,0.532941062218452
petr,trailer,trans_err,1.0333919562467264
petr,trailer,scale_err,0.8505245270687188
petr,trailer,orient_err,0.612251871794176
petr,trailer,vel_err,0.8345106230641703
petr,trailer,attr_err,0.1504392013093578
petr,construction_vehicle,AP_dist_0.5,0.0
petr,construction_vehicle,AP_dist_1.0,0.0032801648896176473
petr,construction_vehicle,AP_dist_2.0,0.08807082930077528
petr,construction_vehicle,AP_dist_4.0,0.24459761354218718
petr,construction_vehicle,trans_err,1.061335873853905
petr,construction_vehicle,scale_err,0.7027923210830468
petr,construction_vehicle,orient_err,1.2537141727521282
petr,construction_vehicle,vel_err,0.17312615475887103
petr,construction_vehicle,attr_err,0.3587585212586454
petr,pedestrian,AP_dist_0.5,0.09235285604822255
petr,pedestrian,AP_dist_1.0,0.3412640847970962
petr,pedestrian,AP_dist_2.0,0.6130177616252545
petr,pedestrian,AP_dist_4.0,0.76249437389383
petr,pedestrian,trans_err,0.6808458876569633
petr,pedestrian,scale_err,0.3294517659446092
petr,pedestrian,orient_err,0.6454295269268473
petr,pedestrian,vel_err,0.5281468690521869
petr,pedestrian,attr_err,0.2314824001227232
petr,motorcycle,AP_dist_0.5,0.07706550155897819
petr,motorcycle,AP_dist_1.0,0.29433438038045734
petr,motorcycle,AP_dist_2.0,0.5148854710991546
petr,motorcycle,AP_dist_4.0,0.6241035545679304
petr,motorcycle,trans_err,0.6709243881116899
petr,motorcycle,scale_err,0.7923849989486489
petr,motorcycle,orient_err,0.5663689850218037
petr,motorcycle,vel_err,1.3372706105196244
petr,motorcycle,attr_err,0.12945916721220288
petr,bicycle,AP_dist_0.5,0.07059296599217521
petr,bicycle,AP_dist_1.0,0.2814460273805851
petr,bicycle,AP_dist_2.0,0.46746597189267164
petr,bicycle,AP_dist_4.0,0.5694754145924212
petr,bicycle,trans_err,0.637728727789693
petr,bicycle,scale_err,0.808045787683768
petr,bicycle,orient_err,0.7887242712464395
petr,bicycle,vel_err,0.4713974731818931
petr,bicycle,attr_err,0.016010489722467897
petr,traffic_cone,AP_dist_0.5,0.17963104493353158
petr,traffic_cone,AP_dist_1.0,0.48154250786611397
petr,traffic_cone,AP_dist_2.0,0.7024946075157007
petr,traffic_cone,AP_dist_4.0,0.7854445156398904
petr,traffic_cone,trans_err,0.5531298260982359
petr,traffic_cone,scale_err,0.32526034678356824
petr,traffic_cone,orient_err,
petr,traffic_cone,vel_err,
petr,traffic_cone,attr_err,
petr,barrier,AP_dist_0.5,0.09131837546614484
petr,barrier,AP_dist_1.0,0.386543879994359
petr,barrier,AP_dist_2.0,0.648630954706351
petr,barrier,AP_dist_4.0,0.7298315341765292
petr,barrier,trans_err,0.6622150944799096
petr,barrier,scale_err,0.8872588377386439
petr,barrier,orient_err,0.13730538810845097
petr,barrier,vel_err,
petr,barrier,attr_err,
pointpillars_fpn,car,AP_dist_0.5,0.6646100204292174
pointpillars_fpn,car,AP_dist_1.0,0.8059272887743422
pointpillars_fpn,car,AP_dist_2.0,0.8497708918071366
pointpillars_fpn,car,AP_dist_4.0,0.8665856374995963
pointpillars_fpn,car,trans_err,0.21858288461689102
pointpillars_fpn,car,scale_err,0.15675428021967128
pointpillars_fpn,car,orient_err,0.14981831281500774
pointpillars_fpn,car,vel_err,0.25988153272493714
pointpillars_fpn,car,attr_err,0.19825688736243458
pointpillars_fpn,truck,AP_dist_0.5,0.15212892794341645
pointpillars_fpn,truck,AP_dist_1.0,0.34254435683016576
pointpillars_fpn,truck,AP_dist_2.0,0.43937565650599314
pointpillars_fpn,truck,AP_dist_4.0,0.4819127039635191
pointpillars_fpn,truck,trans_err,0.46299261903934547
pointpillars_fpn,truck,scale_err,0.21960607114763342
pointpillars_fpn,truck,orient_err,0.26273963795426925
pointpillars_fpn,truck,vel_err,0.25314679063643425
pointpillars_fpn,truck,attr_err,0.21083624374319515
pointpillars_fpn,bus,AP_dist_0.5,0.10459121136307961
pointpillars_fpn,bus,AP_dist_1.0,0.41789725040338593
pointpillars_fpn,bus,AP_dist_2.0,0.573613513249129
pointpillars_fpn,bus,AP_dist_4.0,0.6107177608821698
pointpillars_fpn,bus,trans_err,0.554704975736081
pointpillars_fpn,bus,scale_err,0.21048715456950126
pointpillars_fpn,bus,orient_err,0.21166670440032237
pointpillars_fpn,bus,vel_err,0.49746846308780246
pointpillars_fpn,bus,attr_err,0.24917991090802225
pointpillars_fpn,trailer,AP_dist_0.5,0.008036957627753784
pointpillars_fpn,trailer,AP_dist_1.0,0.15325913634554722
pointpillars_fpn,trailer,AP_dist_2.0,0.3650453420829051
pointpillars_fpn,trailer,AP_dist_4.0,0.4957854120252968
pointpillars_fpn,trailer,trans_err,0.7956381269355217
pointpillars_fpn,trailer,scale_err,0.23159822262967703
pointpillars_fpn,trailer,orient_err,0.5504265585784194
pointpillars_fpn,trailer,vel_err,0.19560870761761193
pointpillars_fpn,trailer,attr_err,0.15955161216884717
pointpillars_fpn,construction_vehicle,AP_dist_0.5,0.0
pointpillars_fpn,construction_vehicle,AP_dist_1.0,0.01396892925560124
pointpillars_fpn,construction_vehicle,AP_dist_2.0,0.07271367965610473
pointpillars_fpn,construction_vehicle,AP_dist_4.0,0.1146177457449943
pointpillars_fpn,construction_vehicle,trans_err,0.8394884046221164
pointpillars_fpn,construction_vehicle,scale_err,0.46966401162339055
pointpillars_fpn,construction_vehicle,orient_err,1.3756080333347138
pointpillars_fpn,construction_vehicle,vel_err,0.1440266242871453
pointpillars_fpn,construction_vehicle,attr_err,0.3443092376070877
pointpillars_fpn,pedestrian,AP_dist_0.5,0.6603708283188753
pointpillars_fpn,pedestrian,AP_dist_1.0,0.6729931504696982
pointpillars_fpn,pedestrian,AP_dist_2.0,0.6874169329621072
pointpillars_fpn,pedestrian,AP_dist_4.0,0.708311659161477
pointpillars_fpn,pedestrian,trans_err,0.15630908247569877
pointpillars_fpn,pedestrian,scale_err,0.28799795539647277
pointpillars_fpn,pedestrian,orient_err,0.38521355273730057
pointpillars_fpn,pedestrian,vel_err,0.2663751629707057
pointpillars_fpn,pedestrian,attr_err,0.07440798019748754
pointpillars_fpn,motorcycle,AP_dist_0.5,0.31686981744096293
pointpillars_fpn,motorcycle,AP_dist_1.0,0.39297124587142823
pointpillars_fpn,motorcycle,AP_dist_2.0,0.4050892894541805
pointpillars_fpn,motorcycle,AP_dist_4.0,0.41411874476730665
pointpillars_fpn,motorcycle,trans_err,0.2663458364276004
pointpillars_fpn,motorcycle,scale_err,0.26068693109371416
pointpillars_fpn,motorcycle,orient_err,0.5994686890768247
pointpillars_fpn,motorcycle,vel_err,0.5166800278229476
pointpillars_fpn,motorcycle,attr_err,0.23290351202899204
pointpillars_fpn,bicycle,AP_dist_0.5,0.08617822593083037
pointpillars_fpn,bicycle,AP_dist_1.0,0.1056022051069953
pointpillars_fpn,bicycle,AP_dist_2.0,0.11051587192722992
pointpillars_fpn,bicycle,AP_dist_4.0,0.11759815850036334
pointpillars_fpn,bicycle,trans_err,0.2964063671100282
pointpillars_fpn,bicycle,scale_err,0.2958103322939767
pointpillars_fpn,bicycle,orient_err,0.8604580736729075
pointpillars_fpn,bicycle,vel_err,0.27256794337938195
pointpillars_fpn,bicycle,attr_err,0.028016033544429445
pointpillars_fpn,traffic_cone,AP_dist_0.5,0.2884001975518098
pointpillars_fpn,traffic_cone,AP_dist_1.0,0.30923407961651717
pointpillars_fpn,traffic_cone,AP_dist_2.0,0.34156473025301765
pointpillars_fpn,traffic_cone,AP_dist_4.0,0.39711333654237535
pointpillars_fpn,traffic_cone,trans_err,0.2492851687456867
pointpillars_fpn,traffic_cone,scale_err,0.3683913878748404
pointpillars_fpn,traffic_cone,orient_err,
pointpillars_fpn,traffic_cone,vel_err,
pointpillars_fpn,traffic_cone,attr_err,
pointpillars_fpn,barrier,AP_dist_0.5,0.29361394382383377
pointpillars_fpn,barrier,AP_dist_1.0,0.5192563208647383
pointpillars_fpn,barrier,AP_dist_2.0,0.6067307065080866
pointpillars_fpn,barrier,AP_dist_4.0,0.6387466040546362
pointpillars_fpn,barrier,trans_err,0.4046375165162166
pointpillars_fpn,barrier,scale_err,0.3055283224207985
pointpillars_fpn,barrier,orient_err,0.05098422017949227
pointpillars_fpn,barrier,vel_err,
pointpillars_fpn,barrier,attr_err,
pointpillars_secfpn,car,AP_dist_0.5,0.6728811144295131
pointpillars_secfpn,car,AP_dist_1.0,0.7930522934252515
pointpillars_secfpn,car,AP_dist_2.0,0.8327527397105092
pointpillars_secfpn,car,AP_dist_4.0,0.8509759782240588
pointpillars_secfpn,car,trans_err,0.20761800403458955
pointpillars_secfpn,car,scale_err,0.15725544588144932
pointpillars_secfpn,car,orient_err,0.1504284439773611
pointpillars_secfpn,car,vel_err,0.26816310298392326
pointpillars_secfpn,car,attr_err,0.20606001206831914
pointpillars_secfpn,truck,AP_dist_0.5,0.18708085580214065
pointpillars_secfpn,truck,AP_dist_1.0,0.37278306550782164
pointpillars_secfpn,truck,AP_dist_2.0,0.46481698233127733
pointpillars_secfpn,truck,AP_dist_4.0,0.5098010844650049
pointpillars_secfpn,truck,trans_err,0.4315737811736924
pointpillars_secfpn,truck,scale_err,0.20874865741202614
pointpillars_secfpn,truck,orient_err,0.208243602003003
pointpillars_secfpn,truck,vel_err,0.25900850903835765
pointpillars_secfpn,truck,attr_err,0.23104138322778803
pointpillars_secfpn,bus,AP_dist_0.5,0.22250786221250426
pointpillars_secfpn,bus,AP_dist_1.0,0.5134969807078504
pointpillars_secfpn,bus,AP_dist_2.0,0.656681837251841
pointpillars_secfpn,bus,AP_dist_4.0,0.6836714713187538
pointpillars_secfpn,bus,trans_err,0.4528089729484841
pointpillars_secfpn,bus,scale_err,0.1959928761989495
pointpillars_secfpn,bus,orient_err,0.2552862253425817
pointpillars_secfpn,bus,vel_err,0.6569804715793444
pointpillars_secfpn,bus,attr_err,0.24864612094053135
pointpillars_secfpn,trailer,AP_dist_0.5,0.01606717663828447
pointpillars_secfpn,trailer,AP_dist_1.0,0.16918458455291854
pointpillars_secfpn,trailer,AP_dist_2.0,0.3383692344490491
pointpillars_secfpn,trailer,AP_dist_4.0,0.4573887295450659
pointpillars_secfpn,trailer,trans_err,0.6874364436865119
pointpillars_secfpn,trailer,scale_err,0.2253849376720611
pointpillars_secfpn,trailer,orient_err,0.4633548998816349
pointpillars_secfpn,trailer,vel_err,0.3044047817772806
pointpillars_secfpn,trailer,attr_err,0.2086099430477561
pointpillars_secfpn,construction_vehicle,AP_dist_0.5,0.0
pointpillars_secfpn,construction_vehicle,AP_dist_1.0,0.013539000262220133
pointpillars_secfpn,construction_vehicle,AP_dist_2.0,0.08554580806144314
pointpillars_secfpn,construction_vehicle,AP_dist_4.0,0.13498064429454473
pointpillars_secfpn,construction_vehicle,trans_err,0.8449797126597954
pointpillars_secfpn,construction_vehicle,scale_err,0.4383699993936798
pointpillars_secfpn,construction_vehicle,orient_err,1.4674556210282028
pointpillars_secfpn,construction_vehicle,vel_err,0.14496485500269313
pointpillars_secfpn,construction_vehicle,attr_err,0.34481226655743313
pointpillars_secfpn,pedestrian,AP_dist_0.5,0.5404589316104527
pointpillars_secfpn,pedestrian,AP_dist_1.0,0.5544115763097301
pointpillars_secfpn,pedestrian,AP_dist_2.0,0.5742481083316645
pointpillars_secfpn,pedestrian,AP_dist_4.0,0.5989254390240529
pointpillars_secfpn,pedestrian,trans_err,0.17486162703971342
pointpillars_secfpn,pedestrian,scale_err,0.2795279697682818
pointpillars_secfpn,pedestrian,orient_err,0.43132588972876595
pointpillars_secfpn,pedestrian,vel_err,0.3122214097228321
pointpillars_secfpn,pedestrian,attr_err,0.08278925111105301
pointpillars_secfpn,motorcycle,AP_dist_0.5,0.14521228459195842
pointpillars_secfpn,motorcycle,AP_dist_1.0,0.21166100459994344
pointpillars_secfpn,motorcycle,AP_dist_2.0,0.22067389686369662
pointpillars_secfpn,motorcycle,AP_dist_4.0,0.2308365997776238
pointpillars_secfpn,motorcycle,trans_err,0.3163937521210399
pointpillars_secfpn,motorcycle,scale_err,0.31096009455792967
pointpillars_secfpn,motorcycle,orient_err,0.9059240487250994
pointpillars_secfpn,motorcycle,vel_err,0.7513286880212109
pointpillars_secfpn,motorcycle,attr_err,0.22066188485269914
pointpillars_secfpn,bicycle,AP_dist_0.5,0.004540686201290976
pointpillars_secfpn,bicycle,AP_dist_1.0,0.007916111948855619
pointpillars_secfpn,bicycle,AP_dist_2.0,0.008058336328671707
pointpillars_secfpn,bicycle,AP_dist_4.0,0.010658017212390394
pointpillars_secfpn,bicycle,trans_err,0.33185837537816587
pointpillars_secfpn,bicycle,scale_err,0.32608520839549726
pointpillars_secfpn,bicycle,orient_err,0.8497590050392108
pointpillars_secfpn,bicycle,vel_err,0.4055346112561213
pointpillars_secfpn,bicycle,attr_err,0.05801332064383438
pointpillars_secfpn,traffic_cone,AP_dist_0.5,0.14089476764352496
pointpillars_secfpn,traffic_cone,AP_dist_1.0,0.15536778604471232
pointpillars_secfpn,traffic_cone,AP_dist_2.0,0.18318291712372353
pointpillars_secfpn,traffic_cone,AP_dist_4.0,0.23822661950723523
pointpillars_secfpn,traffic_cone,trans_err,0.26975908722292014
pointpillars_secfpn,traffic_cone,scale_err,0.3948131971602814
pointpillars_secfpn,traffic_cone,orient_err,
pointpillars_secfpn,traffic_cone,vel_err,
pointpillars_secfpn,traffic_cone,attr_err,
pointpillars_secfpn,barrier,AP_dist_0.5,0.14546143537626757
pointpillars_secfpn,barrier,AP_dist_1.0,0.4095613827265439
pointpillars_secfpn,barrier,AP_dist_2.0,0.537126984138726
pointpillars_secfpn,barrier,AP_dist_4.0,0.5830280104504227
pointpillars_secfpn,barrier,trans_err,0.5467293142670144
pointpillars_secfpn,barrier,scale_err,0.30999290349564984
pointpillars_secfpn,barrier,orient_err,0.0554133279599159
pointpillars_secfpn,barrier,vel_err,
pointpillars_secfpn,barrier,attr_err,
